id,name,maker,variant,type,productType,strainType,thcPct,cbdPct,terpenes,genetics,countryOfOrigin,irradiationStatus,producerUseCases,producerNotes,sourceName,sourceUrl,sourceType,sourceCheckedAt,sourceLicense,sourceNotes
4c-labs-core-acb-25-1-flower,Acai Berry,4C Labs,,flower,,,25,1,,,,,,,,,,,,"Use only publicly accessible manufacturer, grower, or pharmacy pages where reuse is permitted. Do not copy editorial prose or images."
tilray-afghan-kush-24-1-flower,Afghan Kush,Tilray,,flower,flower,indica,24,1,,,,,,,,,,,,"Use only publicly accessible manufacturer, grower, or pharmacy pages where reuse is permitted. Do not copy editorial prose or images."
4clabs-afghan-lights-23-1-flower,Afghan Lights,4C Labs,,Hybrid,flower,,23,1,,,,,,,,,,,,"Use only publicly accessible manufacturer, grower, or pharmacy pages where reuse is permitted. Do not copy editorial prose or images."
4c-labs-alu-27-1-flower,Alien Jelly,4C Labs,,flower,,,27,1,,,,,,,,,,,,"Use only publicly accessible manufacturer, grower, or pharmacy pages where reuse is permitted. Do not copy editorial prose or images."
curaleaf-acm-22-1-flower,Allium Chem,Terra Verde,,flower,,,22,1,,,,,,,,,,,,"Use only publicly accessible manufacturer, grower, or pharmacy pages where reuse is permitted. Do not copy editorial prose or images."
dalgety-amnesia-haze-27-1-flower,Amnesia Haze,Dalgety,,flower,flower,sativa,27,1,,,,,,,,,,,,"Use only publicly accessible manufacturer, grower, or pharmacy pages where reuse is permitted. Do not copy editorial prose or images."
grow-pharma-amnesia-haze-26-1-flower,Amnesia Haze,Grow Pharma,,flower,flower,sativa,26,1,,,,,,,,,,,,"Use only publicly accessible manufacturer, grower, or pharmacy pages where reuse is permitted. Do not copy editorial prose or images."
ttp-1-afc-25-1-flower,Animal Face,The Plug,,flower,flower,hybrid,25,1,,,,,,,,,,,,"Use only publicly accessible manufacturer, grower, or pharmacy pages where reuse is permitted. Do not copy editorial prose or images."
phant-as-24-1-flower,Apes in Space,Phant,,flower,,,24,1,,,,,,,,,,,,"Use only publicly accessible manufacturer, grower, or pharmacy pages where reuse is permitted. Do not copy editorial prose or images."
phant-as-smalls-22-1-flower,Apes in Space,Phant,,flower,,,22,1,,,,,,,,,,,,"Use only publicly accessible manufacturer, grower, or pharmacy pages where reuse is permitted. Do not copy editorial prose or images."
cookies-apples-bananas-28-1-flower,Apples & Bananas,Cookies,,flower,,,28,1,,,,,,,,,,,,"Use only publicly accessible manufacturer, grower, or pharmacy pages where reuse is permitted. Do not copy editorial prose or images."
highgreens-as-27-1-flower,Atomic Slurricane,HighGreens,,flower,,,27,1,,,,,,,,,,,,"Use only publicly accessible manufacturer, grower, or pharmacy pages where reuse is permitted. Do not copy editorial prose or images."
4c-labs-bdd-26-1-flower,Banana Daddy,4C Labs,,flower,,,26,1,,,,,,,,,,,,"Use only publicly accessible manufacturer, grower, or pharmacy pages where reuse is permitted. Do not copy editorial prose or images."
carmel-bananaconda-30-1-flower,Bananaconda,Carmel,,Hybrid,flower,,30,1,,,,,,,,,,,,"Use only publicly accessible manufacturer, grower, or pharmacy pages where reuse is permitted. Do not copy editorial prose or images."
ips-bnj-26-1-flower,Banjo,PharmaCann International,,flower,,,26,1,,,,,,,,,,,,"Use only publicly accessible manufacturer, grower, or pharmacy pages where reuse is permitted. Do not copy editorial prose or images."
tastee-bitz-banjo-22-1-flower,Banjo,Tastee Bitz,,Hybrid,flower,,22,1,,,,,,,,,,,,"Use only publicly accessible manufacturer, grower, or pharmacy pages where reuse is permitted. Do not copy editorial prose or images."
khiron-biscotti-mintz-22-1-flower,Biscotti Mintz,Khiron,,Hybrid,flower,,22,1,,,,,,,,,,,,"Use only publicly accessible manufacturer, grower, or pharmacy pages where reuse is permitted. Do not copy editorial prose or images."
ips-pharma-black-amber-32-1-flower,Black Amber,IPS Pharma,,flower,flower,,32,1,,,,,,,,,,,,"Use only publicly accessible manufacturer, grower, or pharmacy pages where reuse is permitted. Do not copy editorial prose or images."
ecocann-access-black-cherry-pie-18-1-flower,Black Cherry Pie,EcoCann Access,,Hybrid,flower,,18,1,,,,,,,,,,,,"Use only publicly accessible manufacturer, grower, or pharmacy pages where reuse is permitted. Do not copy editorial prose or images."
headstone-bms-30-1-flower,Black Mountain Side,Headstone Cannabis,,flower,,,30,1,,,,,,,,,,,,"Use only publicly accessible manufacturer, grower, or pharmacy pages where reuse is permitted. Do not copy editorial prose or images."
hst-2-headstone-black-mountain-side-30-1-flower,Black Mountain Side,Headstone,,flower,flower,,30,1,,,,,,,,,,,,"Use only publicly accessible manufacturer, grower, or pharmacy pages where reuse is permitted. Do not copy editorial prose or images."
roxton-air-ba-26-1-flower,Blue Apples,Roxton Air,,flower,,,26,1,,,,,,,,,,,,"Use only publicly accessible manufacturer, grower, or pharmacy pages where reuse is permitted. Do not copy editorial prose or images."
grassroots-bdm-18-1-flower,Blue Dream,Grassroots,,flower,,,18,1,,,,,,,,,,,,"Use only publicly accessible manufacturer, grower, or pharmacy pages where reuse is permitted. Do not copy editorial prose or images."
grow-pharma-blue-dream-24-1-flower,Blue Dream,Grow Pharma,,flower,flower,sativa,24,1,,,,,,,,,,,,"Use only publicly accessible manufacturer, grower, or pharmacy pages where reuse is permitted. Do not copy editorial prose or images."
4c-labs-craft-select-bsh-19-1-flower,Blue Sherbet,4C Labs,,flower,,,19,1,,,,,,,,,,,,"Use only publicly accessible manufacturer, grower, or pharmacy pages where reuse is permitted. Do not copy editorial prose or images."
4c-labs-bls-25-1-flower,Blue Sunset,4C Labs,,flower,,,25,1,,,,,,,,,,,,"Use only publicly accessible manufacturer, grower, or pharmacy pages where reuse is permitted. Do not copy editorial prose or images."
peace-naturals-blue-thai-27-1-flower,Blue Thai,Peace Naturals,,Hybrid,flower,,27,1,,,,,,,,,,,,"Use only publicly accessible manufacturer, grower, or pharmacy pages where reuse is permitted. Do not copy editorial prose or images."
four20-pharma-blueberry-22-1-flower,Blueberry,Four20 Pharma,,flower,flower,,22,1,,,,,,,,,,,,"Use only publicly accessible manufacturer, grower, or pharmacy pages where reuse is permitted. Do not copy editorial prose or images."
vasco-bb-smalls-28-1-flower,Blueberry Banana,Vasco,,flower,,,28,1,,,,,,,,,,,,"Use only publicly accessible manufacturer, grower, or pharmacy pages where reuse is permitted. Do not copy editorial prose or images."
next-friday-bf-24-1-flower,Blueberry Fuego,Next Friday,,flower,,,24,1,,,,,,,,,,,,"Use only publicly accessible manufacturer, grower, or pharmacy pages where reuse is permitted. Do not copy editorial prose or images."
superseed-blueberry-purp-25-1-flower,Blueberry Purp,Superseed,,Indica Hybrid,flower,,25,1,,,,,,,,,,,,"Use only publicly accessible manufacturer, grower, or pharmacy pages where reuse is permitted. Do not copy editorial prose or images."
tastee-bitz-blunicorn-22-1-flower,Blunicorn,Tastee Bitz,,Hybrid,flower,,22,1,,,,,,,,,,,,"Use only publicly accessible manufacturer, grower, or pharmacy pages where reuse is permitted. Do not copy editorial prose or images."
grow-pharma-bubba-kush-24-1-flower,Bubba Kush,Grow Pharma,,flower,flower,indica,24,1,,,,,,,,,,,,"Use only publicly accessible manufacturer, grower, or pharmacy pages where reuse is permitted. Do not copy editorial prose or images."
sundaze-cs-24-1-flower,Candy Store,ABcann Medicinals,,flower,,,24,1,,,,,,,,,,,,"Use only publicly accessible manufacturer, grower, or pharmacy pages where reuse is permitted. Do not copy editorial prose or images."
big-narstie-cl-20-1-flower,Candyland,Northern Leaf,,flower,,,20,1,,,,,,,,,,,,"Use only publicly accessible manufacturer, grower, or pharmacy pages where reuse is permitted. Do not copy editorial prose or images."
mamedica-cj-30-1-flower,Cap Junky,Cheers Cannabis,,flower,,,30,1,,,,,,,,,,,,"Use only publicly accessible manufacturer, grower, or pharmacy pages where reuse is permitted. Do not copy editorial prose or images."
aurora-pedanios-chem-dawg-26-1-flower,Chem Dawg,Aurora Pedanios,,flower,flower,hybrid,26,1,,,,,,,,,,,,"Use only publicly accessible manufacturer, grower, or pharmacy pages where reuse is permitted. Do not copy editorial prose or images."
dalgety-cmog-27-1-flower,Chem-Mog,Dalgety,,flower,,,27,1,,,,,,,,,,,,"Use only publicly accessible manufacturer, grower, or pharmacy pages where reuse is permitted. Do not copy editorial prose or images."
dalgety-mog-24-1-flower,Chem-Mog,Dalgety,,flower,,,24,1,,,,,,,,,,,,"Use only publicly accessible manufacturer, grower, or pharmacy pages where reuse is permitted. Do not copy editorial prose or images."
tilray-chemdawg-25-1-flower,Chemdawg,Tilray,,flower,flower,hybrid,25,1,,,,,,,,,,,,"Use only publicly accessible manufacturer, grower, or pharmacy pages where reuse is permitted. Do not copy editorial prose or images."
good-supply-reserve-ccc-27-1-flower,Cherry Cheesecake,Broken Coast,,flower,,,27,1,,,,,,,,,,,,"Use only publicly accessible manufacturer, grower, or pharmacy pages where reuse is permitted. Do not copy editorial prose or images."
mystery-mountain-coco-bamba-26-1-flower,Coco Bamba,Mystery Mountain,,Indica Hybrid,flower,,26,1,,,,,,,,,,,,"Use only publicly accessible manufacturer, grower, or pharmacy pages where reuse is permitted. Do not copy editorial prose or images."
medcan-cold-creek-kush-25-1-flower,Cold Creek Kush,Medcan,,flower,flower,indica,25,1,,,,,,,,,,,,"Use only publicly accessible manufacturer, grower, or pharmacy pages where reuse is permitted. Do not copy editorial prose or images."
superseed-congo-creek-haze-30-1-flower,Congo Creek Haze,Superseed,,Sativa Hybrid,flower,,30,1,,,,,,,,,,,,"Use only publicly accessible manufacturer, grower, or pharmacy pages where reuse is permitted. Do not copy editorial prose or images."
mamedica-cg-27-1-flower,Cookies Gelato,Avant,,flower,,,27,1,,,,,,,,,,,,"Use only publicly accessible manufacturer, grower, or pharmacy pages where reuse is permitted. Do not copy editorial prose or images."
tilray-critical-haze-23-1-flower,Critical Haze,Tilray,,flower,flower,sativa,23,1,,,,,,,,,,,,"Use only publicly accessible manufacturer, grower, or pharmacy pages where reuse is permitted. Do not copy editorial prose or images."
dalgety-critical-kush-28-1-flower,Critical Kush,Dalgety,,flower,flower,indica,28,1,,,,,,,,,,,,"Use only publicly accessible manufacturer, grower, or pharmacy pages where reuse is permitted. Do not copy editorial prose or images."
together-pharma-critical-mass-20-1-flower,Critical Mass,Together Pharma,,flower,flower,indica,20,1,,,,,,,,,,,,"Use only publicly accessible manufacturer, grower, or pharmacy pages where reuse is permitted. Do not copy editorial prose or images."
upstate-cbw-26-1-flower,Crossbow,Upstate,,flower,,,26,1,,,,,,,,,,,,"Use only publicly accessible manufacturer, grower, or pharmacy pages where reuse is permitted. Do not copy editorial prose or images."
upstate-crossbow-26-1-flower,Crossbow,Upstate,,flower,flower,,26,1,,,,,,,,,,,,"Use only publicly accessible manufacturer, grower, or pharmacy pages where reuse is permitted. Do not copy editorial prose or images."
4c-labs-value-crl-29-1-flower,Crumble Lime Ten,4C Labs,,flower,,,29,1,,,,,,,,,,,,"Use only publicly accessible manufacturer, grower, or pharmacy pages where reuse is permitted. Do not copy editorial prose or images."
lumir-cblt-23-1-flower,Crumble Lime Ten,Lumir,,flower,,,23,1,,,,,,,,,,,,"Use only publicly accessible manufacturer, grower, or pharmacy pages where reuse is permitted. Do not copy editorial prose or images."
4c-labs-dzi-32-1-flower,Dante'z Inferno,4C Labs,,flower,,,32,1,,,,,,,,,,,,"Use only publicly accessible manufacturer, grower, or pharmacy pages where reuse is permitted. Do not copy editorial prose or images."
4c-labs-core-dgz-25-1-flower,Dawgzilla,4C Labs,,flower,,,25,1,,,,,,,,,,,,"Use only publicly accessible manufacturer, grower, or pharmacy pages where reuse is permitted. Do not copy editorial prose or images."
4clabs-donkey-butter-31-1-flower,Donkey Butter,4C Labs,,flower,flower,hybrid,31,1,,,,,,,,,,,,"Use only publicly accessible manufacturer, grower, or pharmacy pages where reuse is permitted. Do not copy editorial prose or images."
4c-labs-dbk-26-1-flower,Durban Kush,4C Labs,,flower,,,26,1,,,,,,,,,,,,"Use only publicly accessible manufacturer, grower, or pharmacy pages where reuse is permitted. Do not copy editorial prose or images."
aurora-pedanios-durban-poison-22-1-flower,Durban Poison,Aurora Pedanios,,flower,flower,sativa,22,1,,,,,,,,,,,,"Use only publicly accessible manufacturer, grower, or pharmacy pages where reuse is permitted. Do not copy editorial prose or images."
aurora-pedanios-electric-honeydew-29-1-flower,Electric Honeydew,Aurora Pedanios,,flower,flower,sativa,29,1,,,,,,,,,,,,"Use only publicly accessible manufacturer, grower, or pharmacy pages where reuse is permitted. Do not copy editorial prose or images."
tofino-ripper-electric-lemon-21-1-flower,Electric Lemon,Tofino Ripper,,Indica Hybrid,flower,,21,1,,,,,,,,,,,,"Use only publicly accessible manufacturer, grower, or pharmacy pages where reuse is permitted. Do not copy editorial prose or images."
good-supply-ec-27-1-flower,Emergen-C,Good Supply,,flower,,,27,1,,,,,,,,,,,,"Use only publicly accessible manufacturer, grower, or pharmacy pages where reuse is permitted. Do not copy editorial prose or images."
aurora-pedanios-farm-gas-27-1-flower,Farm Gas,Aurora Pedanios,,flower,flower,indica,27,1,,,,,,,,,,,,"Use only publicly accessible manufacturer, grower, or pharmacy pages where reuse is permitted. Do not copy editorial prose or images."
medicus-fc-smalls-24-1-flower,Fire Cookies,Medicus,,flower,,,24,1,,,,,,,,,,,,"Use only publicly accessible manufacturer, grower, or pharmacy pages where reuse is permitted. Do not copy editorial prose or images."
glass-pharms-first-class-funk-26-1-flower,First Class Funk,Glass Pharms,,flower,flower,,26,1,,,,,,,,,,,,"Use only publicly accessible manufacturer, grower, or pharmacy pages where reuse is permitted. Do not copy editorial prose or images."
greyscales-fj-26-1-flower,Flapjacks,Lot420,,flower,,,26,1,,,,,,,,,,,,"Use only publicly accessible manufacturer, grower, or pharmacy pages where reuse is permitted. Do not copy editorial prose or images."
lit-fog-smalls-28-1-flower,Florida OG,LIT,,flower,,,28,1,,,,,,,,,,,,"Use only publicly accessible manufacturer, grower, or pharmacy pages where reuse is permitted. Do not copy editorial prose or images."
blod-nosda-26-1-flower,French Macaron,Caprica,,flower,,,26,1,,,,,,,,,,,,"Use only publicly accessible manufacturer, grower, or pharmacy pages where reuse is permitted. Do not copy editorial prose or images."
muzon-frosted-fruit-cake-28-1-flower,Frosted Fruit Cake,Muzon,,Indica Hybrid,flower,,28,1,,,,,,,,,,,,"Use only publicly accessible manufacturer, grower, or pharmacy pages where reuse is permitted. Do not copy editorial prose or images."
medi-fpc-28-1-flower,Frosted Pancakes,Green Joy,,flower,,,28,1,,,,,,,,,,,,"Use only publicly accessible manufacturer, grower, or pharmacy pages where reuse is permitted. Do not copy editorial prose or images."
tyson-frozen-fist-26-0p1-flower,Frozen Fist,Tyson,,flower,flower,,26,0.1,,,,,,,,,,,,"Use only publicly accessible manufacturer, grower, or pharmacy pages where reuse is permitted. Do not copy editorial prose or images."
four20-frozen-lemons-28-1-flower,Frozen Lemons,Four20 Pharma,,Sativa Hybrid,flower,,28,1,,,,,,,,,,,,"Use only publicly accessible manufacturer, grower, or pharmacy pages where reuse is permitted. Do not copy editorial prose or images."
lot420-flf-29-1-flower,Fruit-Loops & Fuel,Lot420,,flower,,,29,1,,,,,,,,,,,,"Use only publicly accessible manufacturer, grower, or pharmacy pages where reuse is permitted. Do not copy editorial prose or images."
upstate-fgs-18-1-flower,Full Gas,Upstate,,flower,,,18,1,,,,,,,,,,,,"Use only publicly accessible manufacturer, grower, or pharmacy pages where reuse is permitted. Do not copy editorial prose or images."
highgreens-fz-27-1-flower,Funky Zkittlez,HighGreens,,flower,,,27,1,,,,,,,,,,,,"Use only publicly accessible manufacturer, grower, or pharmacy pages where reuse is permitted. Do not copy editorial prose or images."
sundaze-gcs-32-1-flower,Garlic Cookies,Sundaze,,flower,,,32,1,,,,,,,,,,,,"Use only publicly accessible manufacturer, grower, or pharmacy pages where reuse is permitted. Do not copy editorial prose or images."
4clabs-gary-busey-30-1-flower,Gary Busey,4C Labs,,flower,flower,,30,1,,,,,,,,,,,,"Use only publicly accessible manufacturer, grower, or pharmacy pages where reuse is permitted. Do not copy editorial prose or images."
ostara-gc-30-1-flower,Gas Cake,Ostara Medical,,flower,,,30,1,,,,,,,,,,,,"Use only publicly accessible manufacturer, grower, or pharmacy pages where reuse is permitted. Do not copy editorial prose or images."
four20-gca-22-1-flower,Gaschata,Four20,,flower,,,22,1,,,,,,,,,,,,"Use only publicly accessible manufacturer, grower, or pharmacy pages where reuse is permitted. Do not copy editorial prose or images."
4c-labs-gsp-28-1-flower,Gastro Pop,4C Labs,,flower,,,28,1,,,,,,,,,,,,"Use only publicly accessible manufacturer, grower, or pharmacy pages where reuse is permitted. Do not copy editorial prose or images."
four20-gastro-pop-31-1-flower,Gastro Pop,Four20 Pharma,,Indica Hybrid,flower,,31,1,,,,,,,,,,,,"Use only publicly accessible manufacturer, grower, or pharmacy pages where reuse is permitted. Do not copy editorial prose or images."
dalgety-gelato-31-1-flower,Gelato,Dalgety,,flower,flower,hybrid,31,1,,,,,,,,,,,,"Use only publicly accessible manufacturer, grower, or pharmacy pages where reuse is permitted. Do not copy editorial prose or images."
cali-x-glt41-26-1-flower,Gelato #41,Cali-X,,flower,,,26,1,,,,,,,,,,,,"Use only publicly accessible manufacturer, grower, or pharmacy pages where reuse is permitted. Do not copy editorial prose or images."
four20-pharma-gelato-33-1-flower,Gelato 33,Four20 Pharma,,flower,flower,hybrid,33,1,,,,,,,,,,,,"Use only publicly accessible manufacturer, grower, or pharmacy pages where reuse is permitted. Do not copy editorial prose or images."
grow-pharma-gelato-33-1-flower,Gelato 33,Grow Pharma,,flower,flower,hybrid,25,1,,,,,,,,,,,,"Use only publicly accessible manufacturer, grower, or pharmacy pages where reuse is permitted. Do not copy editorial prose or images."
greyscales-gelato-dream-26-1-flower,Gelato Dream,Greyscales,,Hybrid,flower,,26,1,,,,,,,,,,,,"Use only publicly accessible manufacturer, grower, or pharmacy pages where reuse is permitted. Do not copy editorial prose or images."
lot420-gelato-orange-cake-26-1-flower,Gelato Orange Cake,Lot420,,flower,,,26,1,,,,,,,,,,,,"Use only publicly accessible manufacturer, grower, or pharmacy pages where reuse is permitted. Do not copy editorial prose or images."
big-narstie-21-1-flower,Gelatti,Northern Leaf,,flower,,,21,1,,,,,,,,,,,,"Use only publicly accessible manufacturer, grower, or pharmacy pages where reuse is permitted. Do not copy editorial prose or images."
cookies-gelatti-32-1-flower,Gelatti,Cookies,,Indica Hybrid,flower,,32,1,,,,,,,,,,,,"Use only publicly accessible manufacturer, grower, or pharmacy pages where reuse is permitted. Do not copy editorial prose or images."
medcan-ghost-train-haze-22-1-flower,Ghost Train Haze,Medcan,,flower,flower,sativa,22,1,,,,,,,,,,,,"Use only publicly accessible manufacturer, grower, or pharmacy pages where reuse is permitted. Do not copy editorial prose or images."
phant-gth-22-1-flower,Ghost Train Haze,Phant,,flower,,,22,1,,,,,,,,,,,,"Use only publicly accessible manufacturer, grower, or pharmacy pages where reuse is permitted. Do not copy editorial prose or images."
medcan-glueberry-og-23-1-flower,Glueberry OG,Medcan,,flower,flower,,23,1,,,,,,,,,,,,"Use only publicly accessible manufacturer, grower, or pharmacy pages where reuse is permitted. Do not copy editorial prose or images."
medcan-glueberry-og-smalls-22-1-flower,Glueberry OG,Medcan,smalls,flower,flower,,22,1,,,,,,,,,,,,"Use only publicly accessible manufacturer, grower, or pharmacy pages where reuse is permitted. Do not copy editorial prose or images."
4c-labs-core-gmo-ac-26-1-flower,GMO Animal Cookies,4C Labs,,flower,,,26,1,,,,,,,,,,,,"Use only publicly accessible manufacturer, grower, or pharmacy pages where reuse is permitted. Do not copy editorial prose or images."
aurora-pedanios-sugarbud-gmo-cookies-30-1-flower,GMO Cookies,Aurora Pedanios,,flower,flower,hybrid,30,1,,,,,,,,,,,,"Use only publicly accessible manufacturer, grower, or pharmacy pages where reuse is permitted. Do not copy editorial prose or images."
aurora-pedanios-sugarbud-gmo-cookies-smalls-28-1-flower,GMO Cookies,Aurora Pedanios,smalls,flower,flower,hybrid,28,1,,,,,,,,,,,,"Use only publicly accessible manufacturer, grower, or pharmacy pages where reuse is permitted. Do not copy editorial prose or images."
four20-pharma-gmo-cookies-30-1-flower,GMO Cookies,Four20 Pharma,,flower,flower,hybrid,30,1,,,,,,,,,,,,"Use only publicly accessible manufacturer, grower, or pharmacy pages where reuse is permitted. Do not copy editorial prose or images."
four-gmoslapz-26-1-flower,GMO Slapz,Four GMOs,,flower,,,26,1,,,,,,,,,,,,"Use only publicly accessible manufacturer, grower, or pharmacy pages where reuse is permitted. Do not copy editorial prose or images."
dalgety-gorilla-glue-28-1-flower,Gorilla Glue,Dalgety,,flower,flower,hybrid,28,1,,,,,,,,,,,,"Use only publicly accessible manufacturer, grower, or pharmacy pages where reuse is permitted. Do not copy editorial prose or images."
glass-pharms-gorilla-glue-26-1-flower,Gorilla Glue,Glass Pharms,,flower,flower,hybrid,26,1,,,,,,,,,,,,"Use only publicly accessible manufacturer, grower, or pharmacy pages where reuse is permitted. Do not copy editorial prose or images."
curaleaf-gg4-23-1-flower,Gorilla Glue #4,Terra Verde,,flower,,,23,1,,,,,,,,,,,,"Use only publicly accessible manufacturer, grower, or pharmacy pages where reuse is permitted. Do not copy editorial prose or images."
medcan-gg4-24-1-flower,Gorilla Glue #4,Medcan,,flower,flower,hybrid,24,1,,,,,,,,,,,,"Use only publicly accessible manufacturer, grower, or pharmacy pages where reuse is permitted. Do not copy editorial prose or images."
big-narstie-gk-28-1-flower,Gorilla Kush,Big Narstie Medical,,flower,,,28,1,,,,,,,,,,,,"Use only publicly accessible manufacturer, grower, or pharmacy pages where reuse is permitted. Do not copy editorial prose or images."
tilray-gorilla-zkittlez-25-1-flower,Gorilla Zkittlez,Tilray,,flower,flower,hybrid,25,1,,,,,,,,,,,,"Use only publicly accessible manufacturer, grower, or pharmacy pages where reuse is permitted. Do not copy editorial prose or images."
qwest-ggu-25-1-flower,Grandi Guava,Decibel,,flower,,,25,1,,,,,,,,,,,,"Use only publicly accessible manufacturer, grower, or pharmacy pages where reuse is permitted. Do not copy editorial prose or images."
upstate-grape-burger-24-1-flower,Grape Burger,Upstate,,Indica Hybrid,flower,,24,1,,,,,,,,,,,,"Use only publicly accessible manufacturer, grower, or pharmacy pages where reuse is permitted. Do not copy editorial prose or images."
four20-ggs-23-1-flower,Grape Gas,EastCann,,flower,,,23,1,,,,,,,,,,,,"Use only publicly accessible manufacturer, grower, or pharmacy pages where reuse is permitted. Do not copy editorial prose or images."
four20-gcm-30-1-flower,Grapes & Cream,Northern Green Canada,,flower,,,30,1,,,,,,,,,,,,"Use only publicly accessible manufacturer, grower, or pharmacy pages where reuse is permitted. Do not copy editorial prose or images."
big-narstie-22-1-flower,Gushers,Northern Leaf,,flower,,,22,1,,,,,,,,,,,,"Use only publicly accessible manufacturer, grower, or pharmacy pages where reuse is permitted. Do not copy editorial prose or images."
kasa-verde-hbe-25-1-flower,Halle Berry,Green Karat,,flower,,,25,1,,,,,,,,,,,,"Use only publicly accessible manufacturer, grower, or pharmacy pages where reuse is permitted. Do not copy editorial prose or images."
4c-labs-hwf-31-1-flower,Hawaiian Fanta,4C Labs,,flower,,,31,1,,,,,,,,,,,,"Use only publicly accessible manufacturer, grower, or pharmacy pages where reuse is permitted. Do not copy editorial prose or images."
tilray-headband-22-1-flower,Headband,Tilray,,flower,flower,indica,22,1,,,,,,,,,,,,"Use only publicly accessible manufacturer, grower, or pharmacy pages where reuse is permitted. Do not copy editorial prose or images."
grow-pharma-hellfire-og-24-1-flower,Hellfire OG,Grow Pharma,,flower,flower,,24,1,,,,,,,,,,,,"Use only publicly accessible manufacturer, grower, or pharmacy pages where reuse is permitted. Do not copy editorial prose or images."
noidecs-vtwo-19-1-flower,Hidden,GroVida,,flower,,,19,1,,,,,,,,,,,,"Use only publicly accessible manufacturer, grower, or pharmacy pages where reuse is permitted. Do not copy editorial prose or images."
dalgety-high-society-30-1-flower,High Society,Dalgety,,flower,flower,,30,1,,,,,,,,,,,,"Use only publicly accessible manufacturer, grower, or pharmacy pages where reuse is permitted. Do not copy editorial prose or images."
mamedica-hso-24-1-flower,High Society,Avant,,flower,,,24,1,,,,,,,,,,,,"Use only publicly accessible manufacturer, grower, or pharmacy pages where reuse is permitted. Do not copy editorial prose or images."
dalgety-hsal-30-1-flower,High Society (Alchemy),Dalgety,,flower,,,30,1,,,,,,,,,,,,"Use only publicly accessible manufacturer, grower, or pharmacy pages where reuse is permitted. Do not copy editorial prose or images."
dalgety-hshe-23-1-flower,High Society (Heritage),Dalgety,,flower,,,23,1,,,,,,,,,,,,"Use only publicly accessible manufacturer, grower, or pharmacy pages where reuse is permitted. Do not copy editorial prose or images."
dalgety-hsor-28-1-flower,High Society (Oracle),Dalgety,,flower,,,28,1,,,,,,,,,,,,"Use only publicly accessible manufacturer, grower, or pharmacy pages where reuse is permitted. Do not copy editorial prose or images."
upstate-hkb-23-1-flower,Huckleberry,Upstate,,flower,,,23,1,,,,,,,,,,,,"Use only publicly accessible manufacturer, grower, or pharmacy pages where reuse is permitted. Do not copy editorial prose or images."
four20-pharma-ice-cream-cake-27-1-flower,Ice Cream Cake,Four20 Pharma,,flower,flower,indica,27,1,,,,,,,,,,,,"Use only publicly accessible manufacturer, grower, or pharmacy pages where reuse is permitted. Do not copy editorial prose or images."
upstate-imm-15-1-flower,Imperial Mimosa,Upstate,,flower,,,15,1,,,,,,,,,,,,"Use only publicly accessible manufacturer, grower, or pharmacy pages where reuse is permitted. Do not copy editorial prose or images."
upstate-imm-17-1-flower,Imperial Mimosa,Little Green Pharma,,flower,,,17,1,,,,,,,,,,,,"Use only publicly accessible manufacturer, grower, or pharmacy pages where reuse is permitted. Do not copy editorial prose or images."
medcan-isando-22-1-flower,Isando,Medcan,,flower,flower,,22,1,,,,,,,,,,,,"Use only publicly accessible manufacturer, grower, or pharmacy pages where reuse is permitted. Do not copy editorial prose or images."
tilray-jack-herer-24-1-flower,Jack Herer,Tilray,,flower,flower,sativa,24,1,,,,,,,,,,,,"Use only publicly accessible manufacturer, grower, or pharmacy pages where reuse is permitted. Do not copy editorial prose or images."
eastcann-jr-27-1-flower,Jelly Rancher,EastCann,,flower,,,27,1,,,,,,,,,,,,"Use only publicly accessible manufacturer, grower, or pharmacy pages where reuse is permitted. Do not copy editorial prose or images."
ips-pharma-jet-fuel-apricot-20-1-flower,Jet Fuel Apricot,IPS Pharma,,Hybrid,flower,,20,1,,,,,,,,,,,,"Use only publicly accessible manufacturer, grower, or pharmacy pages where reuse is permitted. Do not copy editorial prose or images."
kasa-verde-kka-25-1-flower,Karamel Kandy,Green Karat,,flower,,,25,1,,,,,,,,,,,,"Use only publicly accessible manufacturer, grower, or pharmacy pages where reuse is permitted. Do not copy editorial prose or images."
4clabs-craft-khalifa-mints-24-1-flower,Khalifa Mints,4C Labs Craft,,flower,flower,hybrid,24,1,,,,,,,,,,,,"Use only publicly accessible manufacturer, grower, or pharmacy pages where reuse is permitted. Do not copy editorial prose or images."
avaay-khalifa-mints-28-1-flower,Khalifa Mints,Avaay,,Hybrid,flower,,28,1,,,,,,,,,,,,"Use only publicly accessible manufacturer, grower, or pharmacy pages where reuse is permitted. Do not copy editorial prose or images."
ips-pharma-kings-kush-24-1-flower,King's Kush,IPS Pharma,,flower,flower,indica,24,1,,,,,,,,,,,,"Use only publicly accessible manufacturer, grower, or pharmacy pages where reuse is permitted. Do not copy editorial prose or images."
4c-labs-value-kco-28-1-flower,Kush Cookies,4C Labs,,flower,,,28,1,,,,,,,,,,,,"Use only publicly accessible manufacturer, grower, or pharmacy pages where reuse is permitted. Do not copy editorial prose or images."
upstate-ksc-26-1-flower,Kush Cookies,Upstate,,flower,,,26,1,,,,,,,,,,,,"Use only publicly accessible manufacturer, grower, or pharmacy pages where reuse is permitted. Do not copy editorial prose or images."
ips-pharma-lasage-26-1-flower,L. A. S. A. G. E.,IPS Pharma,,Hybrid,flower,,26,1,,,,,,,,,,,,"Use only publicly accessible manufacturer, grower, or pharmacy pages where reuse is permitted. Do not copy editorial prose or images."
aurora-pedanios-la-confidential-24-1-flower,LA Confidential,Aurora Pedanios,,flower,flower,indica,24,1,,,,,,,,,,,,"Use only publicly accessible manufacturer, grower, or pharmacy pages where reuse is permitted. Do not copy editorial prose or images."
medcan-l.a-confidential-24-1-flower,LA Confidential,Medcan,,flower,flower,indica,24,1,,,,,,,,,,,,"Use only publicly accessible manufacturer, grower, or pharmacy pages where reuse is permitted. Do not copy editorial prose or images."
curaleaf-la-kush-cake-24-1-flower,LA Kush Cake,Curaleaf,,flower,flower,indica,24,1,,,,,,,,,,,,"Use only publicly accessible manufacturer, grower, or pharmacy pages where reuse is permitted. Do not copy editorial prose or images."
headstone-lgt-29-1-flower,Lamb of God,Headstone Cannabis,,flower,,,29,1,,,,,,,,,,,,"Use only publicly accessible manufacturer, grower, or pharmacy pages where reuse is permitted. Do not copy editorial prose or images."
kallie-lzf-25-1-flower,Laser Fuel,OrganniCraft,,flower,,,25,1,,,,,,,,,,,,"Use only publicly accessible manufacturer, grower, or pharmacy pages where reuse is permitted. Do not copy editorial prose or images."
curaleaf-lavender-cake-20-1-flower,Lavender Cake,Curaleaf,,flower,flower,indica,20,1,,,,,,,,,,,,"Use only publicly accessible manufacturer, grower, or pharmacy pages where reuse is permitted. Do not copy editorial prose or images."
wellford-aqua-legendary-bozy-29-1-flower,Legendary Bozy,Wellford Aqua,,Indica Hybrid,flower,,29,1,,,,,,,,,,,,"Use only publicly accessible manufacturer, grower, or pharmacy pages where reuse is permitted. Do not copy editorial prose or images."
mamedica-lcz-26-1-flower,Lemon Cherry Zkittlez,Medz Cannabis,,flower,,,26,1,,,,,,,,,,,,"Use only publicly accessible manufacturer, grower, or pharmacy pages where reuse is permitted. Do not copy editorial prose or images."
highgreens-lds-27-1-flower,Lemon Diesel Fritter,HighGreens,,flower,,,27,1,,,,,,,,,,,,"Use only publicly accessible manufacturer, grower, or pharmacy pages where reuse is permitted. Do not copy editorial prose or images."
all-nations-lg-25-1-flower,Lemon Gelato,All Nations,,flower,,,25,1,,,,,,,,,,,,"Use only publicly accessible manufacturer, grower, or pharmacy pages where reuse is permitted. Do not copy editorial prose or images."
dalgety-lemon-haze-26-1-flower,Lemon Haze,Dalgety,,flower,flower,sativa,26,1,,,,,,,,,,,,"Use only publicly accessible manufacturer, grower, or pharmacy pages where reuse is permitted. Do not copy editorial prose or images."
grow-pharma-lemon-haze-24-1-flower,Lemon Haze,Grow Pharma,,flower,flower,sativa,24,1,,,,,,,,,,,,"Use only publicly accessible manufacturer, grower, or pharmacy pages where reuse is permitted. Do not copy editorial prose or images."
dalgety-lemon-skunk-25-1-flower,Lemon Skunk,Dalgety,,flower,flower,sativa,25,1,,,,,,,,,,,,"Use only publicly accessible manufacturer, grower, or pharmacy pages where reuse is permitted. Do not copy editorial prose or images."
four20-pharma-lemon-skunk-24-1-flower,Lemon Skunk,Four20 Pharma,,flower,flower,sativa,24,1,,,,,,,,,,,,"Use only publicly accessible manufacturer, grower, or pharmacy pages where reuse is permitted. Do not copy editorial prose or images."
medcan-lemon-sour-diesel-25-1-flower,Lemon Sour Diesel,Medcan,,flower,flower,sativa,25,1,,,,,,,,,,,,"Use only publicly accessible manufacturer, grower, or pharmacy pages where reuse is permitted. Do not copy editorial prose or images."
4c-labs-core-lmt-25-1-flower,Lemonatti,4C Labs,,flower,,,25,1,,,,,,,,,,,,"Use only publicly accessible manufacturer, grower, or pharmacy pages where reuse is permitted. Do not copy editorial prose or images."
ostara-lvl-8-10-flower,Long Valley Legend,Ostara Medical,,flower,,,8,10,,,,,,,,,,,,"Use only publicly accessible manufacturer, grower, or pharmacy pages where reuse is permitted. Do not copy editorial prose or images."
four20-pharma-mac-1-27-1-flower,MAC-1,Four20 Pharma,,flower,flower,hybrid,27,1,,,,,,,,,,,,"Use only publicly accessible manufacturer, grower, or pharmacy pages where reuse is permitted. Do not copy editorial prose or images."
sinceritas-mack-and-crack-28-1-flower,Mack & Crack,Sinceritas,,Sativa Hybrid,flower,,28,1,,,,,,,,,,,,"Use only publicly accessible manufacturer, grower, or pharmacy pages where reuse is permitted. Do not copy editorial prose or images."
ips-mc-22-1-flower,Mandarin Cookies,IPS PharmaCann International,,flower,,,22,1,,,,,,,,,,,,"Use only publicly accessible manufacturer, grower, or pharmacy pages where reuse is permitted. Do not copy editorial prose or images."
lit-mk-smalls-34-1-flower,Master Kush,LIT,,flower,,,34,1,,,,,,,,,,,,"Use only publicly accessible manufacturer, grower, or pharmacy pages where reuse is permitted. Do not copy editorial prose or images."
tilray-master-kush-25-1-flower,Master Kush,Tilray,,flower,flower,indica,25,1,,,,,,,,,,,,"Use only publicly accessible manufacturer, grower, or pharmacy pages where reuse is permitted. Do not copy editorial prose or images."
carmel-masterpiece-27-1-flower,Masterpiece,Carmel,,Hybrid,flower,,27,1,,,,,,,,,,,,"Use only publicly accessible manufacturer, grower, or pharmacy pages where reuse is permitted. Do not copy editorial prose or images."
grow-pharma-mimosa-26-1-flower,Mimosa,Grow Pharma,,flower,flower,sativa,26,1,,,,,,,,,,,,"Use only publicly accessible manufacturer, grower, or pharmacy pages where reuse is permitted. Do not copy editorial prose or images."
4c-labs-core-mc1-27-1-flower,Miracle Alien Cookies,4C Labs,,flower,,,27,1,,,,,,,,,,,,"Use only publicly accessible manufacturer, grower, or pharmacy pages where reuse is permitted. Do not copy editorial prose or images."
cannfx-mochi-28-1-flower,Mochi Gelato,CannFX,,flower,,,28,1,,,,,,,,,,,,"Use only publicly accessible manufacturer, grower, or pharmacy pages where reuse is permitted. Do not copy editorial prose or images."
4c-labs-mjr-27-1-flower,Ms. MJR Runtz,4C Labs,,flower,,,27,1,,,,,,,,,,,,"Use only publicly accessible manufacturer, grower, or pharmacy pages where reuse is permitted. Do not copy editorial prose or images."
aurora-pedanios-sugarbud-mule-fuel-27-1-flower,Mule Fuel,Aurora Pedanios,,flower,flower,,27,1,,,,,,,,,,,,"Use only publicly accessible manufacturer, grower, or pharmacy pages where reuse is permitted. Do not copy editorial prose or images."
next-friday-mtf-30-1-flower,Mutant Tyre Fire,Next Friday,,flower,,,30,1,,,,,,,,,,,,"Use only publicly accessible manufacturer, grower, or pharmacy pages where reuse is permitted. Do not copy editorial prose or images."
four20-pharma-northern-lights-22-1-flower,Northern Lights,Four20 Pharma,,flower,flower,indica,22,1,,,,,,,,,,,,"Use only publicly accessible manufacturer, grower, or pharmacy pages where reuse is permitted. Do not copy editorial prose or images."
pharmaserv-omg-26-1-flower,O.M.G. Burger,Pharmacol,,flower,,,26,1,,,,,,,,,,,,"Use only publicly accessible manufacturer, grower, or pharmacy pages where reuse is permitted. Do not copy editorial prose or images."
4c-labs-xks-smalls-22-1-flower,Oaxacan Kush,4C Labs,Smalls,flower,,,24,1,,,,,,,,,,,,"Use only publicly accessible manufacturer, grower, or pharmacy pages where reuse is permitted. Do not copy editorial prose or images."
dalgety-og-cheese-28-1-flower,OG Cheese,Dalgety,,flower,flower,,28,1,,,,,,,,,,,,"Use only publicly accessible manufacturer, grower, or pharmacy pages where reuse is permitted. Do not copy editorial prose or images."
four20-pharma-og-kush-25-1-flower,OG Kush,Four20 Pharma,,flower,flower,indica,25,1,,,,,,,,,,,,"Use only publicly accessible manufacturer, grower, or pharmacy pages where reuse is permitted. Do not copy editorial prose or images."
grow-pharma-og-kush-24-1-flower,OG Kush,Grow Pharma,,flower,flower,indica,24,1,,,,,,,,,,,,"Use only publicly accessible manufacturer, grower, or pharmacy pages where reuse is permitted. Do not copy editorial prose or images."
peace-naturals-og-kush-30-1-flower,OG Kush,Peace Naturals,,Hybrid,flower,,30,1,,,,,,,,,,,,"Use only publicly accessible manufacturer, grower, or pharmacy pages where reuse is permitted. Do not copy editorial prose or images."
tilray-og-kush-25-1-flower,OG Kush,Tilray,,flower,flower,indica,25,1,,,,,,,,,,,,"Use only publicly accessible manufacturer, grower, or pharmacy pages where reuse is permitted. Do not copy editorial prose or images."
good-supply-ogkb-28-1-flower,OG Kush Breath,Good Supply,,flower,,,28,1,,,,,,,,,,,,"Use only publicly accessible manufacturer, grower, or pharmacy pages where reuse is permitted. Do not copy editorial prose or images."
safricanna-ob-26-1-flower,Original Blitz,SafriCanna,,flower,,,26,1,,,,,,,,,,,,"Use only publicly accessible manufacturer, grower, or pharmacy pages where reuse is permitted. Do not copy editorial prose or images."
big-narstie-papaya-bantz-24-1-flower,Papaya Bantz,Big Narstie,,Indica Hybrid,flower,,24,1,,,,,,,,,,,,"Use only publicly accessible manufacturer, grower, or pharmacy pages where reuse is permitted. Do not copy editorial prose or images."
big-narstie-pb-26-1-flower,Papaya Bantz,Northern Leaf,,flower,,,26,1,,,,,,,,,,,,"Use only publicly accessible manufacturer, grower, or pharmacy pages where reuse is permitted. Do not copy editorial prose or images."
good-supply-pvt-26-1-flower,Pavé #34,Good Supply,,flower,,,26,1,,,,,,,,,,,,"Use only publicly accessible manufacturer, grower, or pharmacy pages where reuse is permitted. Do not copy editorial prose or images."
vas-5-vasco-pave-runtz-28-1-flower,Pave Runtz,Vasco,,flower,flower,hybrid,28,1,,,,,,,,,,,,"Use only publicly accessible manufacturer, grower, or pharmacy pages where reuse is permitted. Do not copy editorial prose or images."
vasco-pr-28-1-flower,Pavé Runtz,Vasco,,flower,,,28,1,,,,,,,,,,,,"Use only publicly accessible manufacturer, grower, or pharmacy pages where reuse is permitted. Do not copy editorial prose or images."
khiron-pbb-23-1-flower,Peanut Butter Breath,Khiron Med,,flower,,,23,1,,,,,,,,,,,,"Use only publicly accessible manufacturer, grower, or pharmacy pages where reuse is permitted. Do not copy editorial prose or images."
seed-junky-pm-25-1-flower,Permanent Marker,Seed Junky,,flower,,,25,1,,,,,,,,,,,,"Use only publicly accessible manufacturer, grower, or pharmacy pages where reuse is permitted. Do not copy editorial prose or images."
dalgety-pineapple-chunk-24-1-flower,Pineapple Chunk,Dalgety,,flower,flower,,24,1,,,,,,,,,,,,"Use only publicly accessible manufacturer, grower, or pharmacy pages where reuse is permitted. Do not copy editorial prose or images."
all-nations-pne-27-1-flower,Pineapple Express,All Nations,,flower,,,27,1,,,,,,,,,,,,"Use only publicly accessible manufacturer, grower, or pharmacy pages where reuse is permitted. Do not copy editorial prose or images."
grow-pharma-pineapple-express-24-1-flower,Pineapple Express,Grow Pharma,,flower,flower,sativa,24,1,,,,,,,,,,,,"Use only publicly accessible manufacturer, grower, or pharmacy pages where reuse is permitted. Do not copy editorial prose or images."
tilray-pineapple-express-25-1-flower,Pineapple Express,Tilray,,flower,flower,sativa,25,1,,,,,,,,,,,,"Use only publicly accessible manufacturer, grower, or pharmacy pages where reuse is permitted. Do not copy editorial prose or images."
four20-pnz-30-1-flower,Pineapple Fruz,Four20,,flower,,,30,1,,,,,,,,,,,,"Use only publicly accessible manufacturer, grower, or pharmacy pages where reuse is permitted. Do not copy editorial prose or images."
sundaze-pck-27-1-flower,Pink Cookies,ABcann Medicinals,,flower,,,27,1,,,,,,,,,,,,"Use only publicly accessible manufacturer, grower, or pharmacy pages where reuse is permitted. Do not copy editorial prose or images."
four20-pharma-pink-diesel-26-0p1-flower,Pink Diesel,Four20 Pharma,,flower,flower,,26,0.1,,,,,,,,,,,,"Use only publicly accessible manufacturer, grower, or pharmacy pages where reuse is permitted. Do not copy editorial prose or images."
four20-pharma-pink-diesel-smalls-25-0p1-flower,Pink Diesel,Four20 Pharma,smalls,flower,flower,,25,0.1,,,,,,,,,,,,"Use only publicly accessible manufacturer, grower, or pharmacy pages where reuse is permitted. Do not copy editorial prose or images."
big-narstie-pg-28-1-flower,Pink Gasoline,Northern Leaf,,flower,,,28,1,,,,,,,,,,,,"Use only publicly accessible manufacturer, grower, or pharmacy pages where reuse is permitted. Do not copy editorial prose or images."
aurora-pedanios-pink-kush-20-1-flower,Pink Kush,Aurora Pedanios,,indica,flower,indica,20,1,,,Canada,,,Official Aurora page presents Pink Kush as the Sedamen cultivar with lemon pepper vanilla and lavender aroma notes.,Aurora Medical,https://www.auroramedical.com/products/sedamen,official manufacturer page,2026-04-01T00:00:00.000Z,,Imported from the official Aurora Medical Sedamen (Pink Kush) product page.
aurora-pedanios-sun-farms-pink-kush-22-1-flower,Pink Kush,Aurora Sun Farms,,flower,flower,indica,22,1,,,,,,,,,,,,"Use only publicly accessible manufacturer, grower, or pharmacy pages where reuse is permitted. Do not copy editorial prose or images."
green-joy-pink-lilac-25-1-flower,Pink Lilac,Green Joy,,Sativa Hybrid,flower,,25,1,,,,,,,,,,,,"Use only publicly accessible manufacturer, grower, or pharmacy pages where reuse is permitted. Do not copy editorial prose or images."
mamedica-plb-25-1-flower,Polar Blaze,Cheers Cannabis,,flower,,,25,1,,,,,,,,,,,,"Use only publicly accessible manufacturer, grower, or pharmacy pages where reuse is permitted. Do not copy editorial prose or images."
noidecs-pk-24-1-flower,Polar Kush,Noidecs,,flower,,,24,1,,,,,,,,,,,,"Use only publicly accessible manufacturer, grower, or pharmacy pages where reuse is permitted. Do not copy editorial prose or images."
together-pharma-power-plant-20-1-flower,Power Plant,Together Pharma,,flower,flower,sativa,20,1,,,,,,,,,,,,"Use only publicly accessible manufacturer, grower, or pharmacy pages where reuse is permitted. Do not copy editorial prose or images."
4c-labs-pck-29-1-flower,Pucker-Up,4C Labs,,flower,,,29,1,,,,,,,,,,,,"Use only publicly accessible manufacturer, grower, or pharmacy pages where reuse is permitted. Do not copy editorial prose or images."
mamedica-pgo-25-1-flower,Purple Goo,Medz Cannabis,,flower,,,25,1,,,,,,,,,,,,"Use only publicly accessible manufacturer, grower, or pharmacy pages where reuse is permitted. Do not copy editorial prose or images."
dalgety-purple-kush-27-1-flower,Purple Kush,Dalgety,,flower,flower,indica,27,1,,,,,,,,,,,,"Use only publicly accessible manufacturer, grower, or pharmacy pages where reuse is permitted. Do not copy editorial prose or images."
mamedica-purple-milk-27-1-flower,Purple Milk,Mamedica,,Hybrid,flower,,27,1,,,,,,,,,,,,"Use only publicly accessible manufacturer, grower, or pharmacy pages where reuse is permitted. Do not copy editorial prose or images."
glass-pharms-purple-punch-26-1-flower,Purple Punch,Glass Pharms,,flower,flower,indica,26,1,,,,,,,,,,,,"Use only publicly accessible manufacturer, grower, or pharmacy pages where reuse is permitted. Do not copy editorial prose or images."
grow-pharma-purple-punch-26-1-flower,Purple Punch,Grow Pharma,,flower,flower,indica,26,1,,,,,,,,,,,,"Use only publicly accessible manufacturer, grower, or pharmacy pages where reuse is permitted. Do not copy editorial prose or images."
mamedica-psl-25-1-flower,Purple Punch,Medz Cannabis,,flower,,,25,1,,,,,,,,,,,,"Use only publicly accessible manufacturer, grower, or pharmacy pages where reuse is permitted. Do not copy editorial prose or images."
mamedica-rp-28-1-flower,Rainbow Pie,Avant,,flower,,,28,1,,,,,,,,,,,,"Use only publicly accessible manufacturer, grower, or pharmacy pages where reuse is permitted. Do not copy editorial prose or images."
big-narstie-23-1-flower,Rainbow Sherbet,Northern Leaf,,flower,,,23,1,,,,,,,,,,,,"Use only publicly accessible manufacturer, grower, or pharmacy pages where reuse is permitted. Do not copy editorial prose or images."
mamedica-rdv-29-1-flower,Red Velvet,Avant,,flower,,,29,1,,,,,,,,,,,,"Use only publicly accessible manufacturer, grower, or pharmacy pages where reuse is permitted. Do not copy editorial prose or images."
tilray-rockstar-25-1-flower,Rockstar,Tilray,,flower,flower,indica,25,1,,,,,,,,,,,,"Use only publicly accessible manufacturer, grower, or pharmacy pages where reuse is permitted. Do not copy editorial prose or images."
medcan-royal-moby-20-1-flower,Royal Moby,Medcan,,flower,flower,sativa,20,1,,,,,,,,,,,,"Use only publicly accessible manufacturer, grower, or pharmacy pages where reuse is permitted. Do not copy editorial prose or images."
together-pharma-royal-moby-25-1-flower,Royal Moby,Together Pharma,,flower,flower,sativa,25,1,,,,,,,,,,,,"Use only publicly accessible manufacturer, grower, or pharmacy pages where reuse is permitted. Do not copy editorial prose or images."
pck-1packs-rs11-24-1-flower,RS-11,1Packs,,flower,flower,hybrid,24,1,,,,,,,,,,,,"Use only publicly accessible manufacturer, grower, or pharmacy pages where reuse is permitted. Do not copy editorial prose or images."
sinceritas-runtz-24-1-flower,Runtz,Sinceritas,,Hybrid,flower,,24,1,,,,,,,,,,,,"Use only publicly accessible manufacturer, grower, or pharmacy pages where reuse is permitted. Do not copy editorial prose or images."
origine-ss-27-1-flower,Sage & Sour,Origine Nature,,flower,,,27,1,,,,,,,,,,,,"Use only publicly accessible manufacturer, grower, or pharmacy pages where reuse is permitted. Do not copy editorial prose or images."
upstate-sc-32-1-flower,Scout Cake,Northern Green Canada,,flower,,,32,1,,,,,,,,,,,,"Use only publicly accessible manufacturer, grower, or pharmacy pages where reuse is permitted. Do not copy editorial prose or images."
mystery-mountain-seaton-lemon-haze-29-1-flower,Seaton Lemon Haze,Mystery Mountain,,Sativa Hybrid,flower,,29,1,,,,,,,,,,,,"Use only publicly accessible manufacturer, grower, or pharmacy pages where reuse is permitted. Do not copy editorial prose or images."
mamedica-organic-smo-25-1-flower,Sherb Master OG,Canary RX,,flower,,,25,1,,,,,,,,,,,,"Use only publicly accessible manufacturer, grower, or pharmacy pages where reuse is permitted. Do not copy editorial prose or images."
medcan-sherbet-glue-24-1-flower,Sherbet Glue,Medcan,,flower,flower,hybrid,24,1,,,,,,,,,,,,"Use only publicly accessible manufacturer, grower, or pharmacy pages where reuse is permitted. Do not copy editorial prose or images."
4c-labs-skl-smalls-25-1-flower,Skullcap,4C Labs,Smalls,flower,,,24,1,,,,,,,,,,,,"Use only publicly accessible manufacturer, grower, or pharmacy pages where reuse is permitted. Do not copy editorial prose or images."
tilray-skunk-1-20-1-flower,Skunk #1,Tilray,,flower,flower,sativa,20,1,,,,,,,,,,,,"Use only publicly accessible manufacturer, grower, or pharmacy pages where reuse is permitted. Do not copy editorial prose or images."
upstate-sbk-21-1-flower,Sky Berry Kush,Upstate,,flower,,,21,1,,,,,,,,,,,,"Use only publicly accessible manufacturer, grower, or pharmacy pages where reuse is permitted. Do not copy editorial prose or images."
eastcann-swts-26-1-flower,Sleeping with the Stars,EastCann,,flower,,,26,1,,,,,,,,,,,,"Use only publicly accessible manufacturer, grower, or pharmacy pages where reuse is permitted. Do not copy editorial prose or images."
lit-sl-smalls-34-1-flower,Snow Lotus,LIT,,flower,,,34,1,,,,,,,,,,,,"Use only publicly accessible manufacturer, grower, or pharmacy pages where reuse is permitted. Do not copy editorial prose or images."
lit-snow-lotus-34-1-flower,Snow Lotus,LIT,,flower,flower,,34,1,,,,,,,,,,,,"Use only publicly accessible manufacturer, grower, or pharmacy pages where reuse is permitted. Do not copy editorial prose or images."
lit-snow-lotus-smalls-30-1-flower,Snow Lotus,LIT,smalls,Indica Hybrid,flower,,30,1,,,,,,,,,,,,"Use only publicly accessible manufacturer, grower, or pharmacy pages where reuse is permitted. Do not copy editorial prose or images."
peace-naturals-slf-34-1-flower,Sonic Lemon Fuel,Northern Green Canada,,flower,,,34,1,,,,,,,,,,,,"Use only publicly accessible manufacturer, grower, or pharmacy pages where reuse is permitted. Do not copy editorial prose or images."
green-karat-so-27-1-flower,Sonic Strawberry,Green Karat,,flower,,,27,1,,,,,,,,,,,,"Use only publicly accessible manufacturer, grower, or pharmacy pages where reuse is permitted. Do not copy editorial prose or images."
lit-sd-smalls-34-1-flower,Sour Diesel,LIT,,flower,,,34,1,,,,,,,,,,,,"Use only publicly accessible manufacturer, grower, or pharmacy pages where reuse is permitted. Do not copy editorial prose or images."
lit-sour-diesel-smalls-30-1-flower,Sour Diesel,LIT,smalls,Indica Hybrid,flower,,30,1,,,,,,,,,,,,"Use only publicly accessible manufacturer, grower, or pharmacy pages where reuse is permitted. Do not copy editorial prose or images."
tilray-sour-diesel-25-1-flower,Sour Diesel,Tilray,,flower,flower,sativa,25,1,,,,,,,,,,,,"Use only publicly accessible manufacturer, grower, or pharmacy pages where reuse is permitted. Do not copy editorial prose or images."
dalgety-sour-strawberry-28-1-flower,Sour Strawberry,Dalgety,,flower,flower,,28,1,,,,,,,,,,,,"Use only publicly accessible manufacturer, grower, or pharmacy pages where reuse is permitted. Do not copy editorial prose or images."
aurora-pedanios-sourdough-29-1-flower,Sourdough,Aurora Pedanios,,flower,flower,,29,1,,,,,,,,,,,,"Use only publicly accessible manufacturer, grower, or pharmacy pages where reuse is permitted. Do not copy editorial prose or images."
aurora-pedanios-sourdough-smalls-27-1-flower,Sourdough,Aurora Pedanios,smalls,flower,flower,,27,1,,,,,,,,,,,,"Use only publicly accessible manufacturer, grower, or pharmacy pages where reuse is permitted. Do not copy editorial prose or images."
medcan-space-cake-24-1-flower,Space Cake,Medcan,,flower,flower,,24,1,,,,,,,,,,,,"Use only publicly accessible manufacturer, grower, or pharmacy pages where reuse is permitted. Do not copy editorial prose or images."
carmel-spiked-mai-tai-29-1-flower,Spiked Mai Tai,Carmel,,Hybrid,flower,,29,1,,,,,,,,,,,,"Use only publicly accessible manufacturer, grower, or pharmacy pages where reuse is permitted. Do not copy editorial prose or images."
medcan-strawberry-cheesecake-22-1-flower,Strawberry Cheesecake,Medcan,,flower,flower,,22,1,,,,,,,,,,,,"Use only publicly accessible manufacturer, grower, or pharmacy pages where reuse is permitted. Do not copy editorial prose or images."
greyscales-sc-25-1-flower,Strawberry Cough,Lot420,,flower,,,25,1,,,,,,,,,,,,"Use only publicly accessible manufacturer, grower, or pharmacy pages where reuse is permitted. Do not copy editorial prose or images."
tilray-strawberry-glue-25-1-flower,Strawberry Glue,Tilray,,flower,flower,,25,1,,,,,,,,,,,,"Use only publicly accessible manufacturer, grower, or pharmacy pages where reuse is permitted. Do not copy editorial prose or images."
phant-sgu-25-1-flower,Strawberry Guava,Phant,,flower,,,25,1,,,,,,,,,,,,"Use only publicly accessible manufacturer, grower, or pharmacy pages where reuse is permitted. Do not copy editorial prose or images."
phant-sgu-smalls-22-1-flower,Strawberry Guava,Phant,,flower,,,22,1,,,,,,,,,,,,"Use only publicly accessible manufacturer, grower, or pharmacy pages where reuse is permitted. Do not copy editorial prose or images."
dalgety-strawberry-ice-26-1-flower,Strawberry Ice,Dalgety,,flower,flower,,26,1,,,,,,,,,,,,"Use only publicly accessible manufacturer, grower, or pharmacy pages where reuse is permitted. Do not copy editorial prose or images."
spirit-bear-strawberry-meltshake-28-1-flower,Strawberry Meltshake,Spirit Bear,,Hybrid,flower,,28,1,,,,,,,,,,,,"Use only publicly accessible manufacturer, grower, or pharmacy pages where reuse is permitted. Do not copy editorial prose or images."
four20-pharma-strawberry-og-26-1-flower,Strawberry OG,Four20 Pharma,,flower,flower,,26,1,,,,,,,,,,,,"Use only publicly accessible manufacturer, grower, or pharmacy pages where reuse is permitted. Do not copy editorial prose or images."
medcan-sc01-strawberry-og-22-1-flower,Strawberry OG,Medcan,,flower,flower,,22,1,,,,,,,,,,,,"Use only publicly accessible manufacturer, grower, or pharmacy pages where reuse is permitted. Do not copy editorial prose or images."
4c-labs-core-sco-26-1-flower,Sun County Kush,4C Labs,,flower,,,26,1,,,,,,,,,,,,"Use only publicly accessible manufacturer, grower, or pharmacy pages where reuse is permitted. Do not copy editorial prose or images."
4c-labs-core-sco-28-1-flower,Sun County Kush,4C Labs,,flower,,,28,1,,,,,,,,,,,,"Use only publicly accessible manufacturer, grower, or pharmacy pages where reuse is permitted. Do not copy editorial prose or images."
four20-pharma-sunset-sherbet-27-1-flower,Sunset Sherbet,Four20 Pharma,,flower,flower,hybrid,27,1,,,,,,,,,,,,"Use only publicly accessible manufacturer, grower, or pharmacy pages where reuse is permitted. Do not copy editorial prose or images."
grow-pharma-sunset-sherbet-26-1-flower,Sunset Sherbet,Grow Pharma,,flower,flower,hybrid,26,1,,,,,,,,,,,,"Use only publicly accessible manufacturer, grower, or pharmacy pages where reuse is permitted. Do not copy editorial prose or images."
glass-pharms-super-mac-25-1-flower,Super M.A.C.,Glass Pharms,,flower,flower,,25,1,,,,,,,,,,,,"Use only publicly accessible manufacturer, grower, or pharmacy pages where reuse is permitted. Do not copy editorial prose or images."
tofino-ripper-super-sherb-27-1-flower,Super Sherb,Tofino Ripper,,Hybrid,flower,,27,1,,,,,,,,,,,,"Use only publicly accessible manufacturer, grower, or pharmacy pages where reuse is permitted. Do not copy editorial prose or images."
carmel-thin-mint-jealousy-25-1-flower,Thin Mint Jealousy,Carmel,,Hybrid,flower,,25,1,,,,,,,,,,,,"Use only publicly accessible manufacturer, grower, or pharmacy pages where reuse is permitted. Do not copy editorial prose or images."
curaleaf-tripoli-20-1-flower,Tripoli,Curaleaf,,flower,flower,indica,20,1,,,,,,,,,,,,"Use only publicly accessible manufacturer, grower, or pharmacy pages where reuse is permitted. Do not copy editorial prose or images."
grassroots-tropic-thunder-28-1-flower,Tropic Thunder,Grassroots,,Hybrid,flower,,28,1,,,,,,,,,,,,"Use only publicly accessible manufacturer, grower, or pharmacy pages where reuse is permitted. Do not copy editorial prose or images."
medcan-ultra-sour-25-1-flower,Ultra Sour,Medcan,,flower,flower,sativa,25,1,,,,,,,,,,,,"Use only publicly accessible manufacturer, grower, or pharmacy pages where reuse is permitted. Do not copy editorial prose or images."
cookies-vienna-31-1-flower,Vienna,Cookies,,Hybrid,flower,,31,1,,,,,,,,,,,,"Use only publicly accessible manufacturer, grower, or pharmacy pages where reuse is permitted. Do not copy editorial prose or images."
four20-pharma-wappa-20-1-flower,Wappa,Four20 Pharma,,flower,flower,indica,20,1,,,,,,,,,,,,"Use only publicly accessible manufacturer, grower, or pharmacy pages where reuse is permitted. Do not copy editorial prose or images."
medcan-wappa-20-1-flower,Wappa,Medcan,,flower,flower,indica,20,1,,,,,,,,,,,,"Use only publicly accessible manufacturer, grower, or pharmacy pages where reuse is permitted. Do not copy editorial prose or images."
humble-bud-wz-smalls-25-1-flower,Watermelon Zkittlez,Humble Bud,,flower,,,25,1,,,,,,,,,,,,"Use only publicly accessible manufacturer, grower, or pharmacy pages where reuse is permitted. Do not copy editorial prose or images."
grow-pharma-wedding-cake-26-1-flower,Wedding Cake,Grow Pharma,,flower,flower,hybrid,26,1,,,,,,,,,,,,"Use only publicly accessible manufacturer, grower, or pharmacy pages where reuse is permitted. Do not copy editorial prose or images."
mamedica-tc-28-1-flower,Wedding Layer,Medz Cannabis,,flower,,,25,1,,,,,,,,,,,,"Use only publicly accessible manufacturer, grower, or pharmacy pages where reuse is permitted. Do not copy editorial prose or images."
four20-pharma-wedding-sunset-27-1-flower,Wedding Sunset,Four20 Pharma,,flower,flower,hybrid,27,1,,,,,,,,,,,,"Use only publicly accessible manufacturer, grower, or pharmacy pages where reuse is permitted. Do not copy editorial prose or images."
4c-labs-whz-29-1-flower,White Haze,4C Labs,,flower,,,29,1,,,,,,,,,,,,"Use only publicly accessible manufacturer, grower, or pharmacy pages where reuse is permitted. Do not copy editorial prose or images."
grow-pharma-white-rhino-23-1-flower,White Rhino,Grow Pharma,,flower,flower,,23,1,,,,,,,,,,,,"Use only publicly accessible manufacturer, grower, or pharmacy pages where reuse is permitted. Do not copy editorial prose or images."
four20-pharma-white-widow-22-1-flower,White Widow,Four20 Pharma,,flower,flower,,22,1,,,,,,,,,,,,"Use only publicly accessible manufacturer, grower, or pharmacy pages where reuse is permitted. Do not copy editorial prose or images."
tilray-white-widow-22-1-flower,White Widow,Tilray,,flower,flower,,22,1,,,,,,,,,,,,"Use only publicly accessible manufacturer, grower, or pharmacy pages where reuse is permitted. Do not copy editorial prose or images."
petal-and-bud-zb-25-1-flower,Z-Berries,Herdade das Barrocas,,flower,,,25,1,,,,,,,,,,,,"Use only publicly accessible manufacturer, grower, or pharmacy pages where reuse is permitted. Do not copy editorial prose or images."
cannfx-za-32-1-flower,Zangria,CannFX,,flower,,,32,1,,,,,,,,,,,,"Use only publicly accessible manufacturer, grower, or pharmacy pages where reuse is permitted. Do not copy editorial prose or images."
grow-pharma-zkittlez-23-1-flower,Zkittlez,Grow Pharma,,flower,flower,hybrid,23,1,,,,,,,,,,,,"Use only publicly accessible manufacturer, grower, or pharmacy pages where reuse is permitted. Do not copy editorial prose or images."
4c-labs-core-zkf-26-1-flower,Zkittlez Fuel,4C Labs,,flower,,,26,1,,,,,,,,,,,,"Use only publicly accessible manufacturer, grower, or pharmacy pages where reuse is permitted. Do not copy editorial prose or images."
find-zookies-smalls-23-1-flower,Zookies,Find,smalls,flower,flower,hybrid,23,1,,,,,,,,,,,,"Use only publicly accessible manufacturer, grower, or pharmacy pages where reuse is permitted. Do not copy editorial prose or images."
pharmaserv-zo-19-1-flower,Zoom,Pharmacol,,flower,,,19,1,,,,,,,,,,,,"Use only publicly accessible manufacturer, grower, or pharmacy pages where reuse is permitted. Do not copy editorial prose or images."
find-zour-apples-22-1-flower,Zour Apples,Find,,Indica Hybrid,flower,,22,1,,,,,,,,,,,,"Use only publicly accessible manufacturer, grower, or pharmacy pages where reuse is permitted. Do not copy editorial prose or images."
